작업 항목,작성 양식,실무 예시 1,실무 예시 2,템플릿명,템플템릿명
작업명,예: 분전반 교체작업,기숙사 분전반 교체,생산동 배전함 점검,고소작업대작업계획서,
작업일시,YYYY-MM-DD HH:MM~HH:MM,2025-05-02 09:00~12:00,2025-05-03 13:00~15:00,고소작업대작업계획서,
작업장소,설비 위치 기재,기숙사 1층 전기실,생산동 지하 1층,고소작업대작업계획서,
작업자,성명 기재,홍길동,김민수,고소작업대작업계획서,
작업내용,"교체, 점검, 배선 등",노후 분전반 교체,배전함 누전 점검,고소작업대작업계획서,
사용 장비,"테스터기, 절연장갑 등","전기테스터기, 절연장갑","절연방화복, 절연공구",고소작업대작업계획서,
위험요인,"감전, 화재, 누전 등",전선 피복 손상으로 인한 감전,과부하로 인한 누전,고소작업대작업계획서,
안전조치사항,"차단기 차단, 절연구 사용 등","작업 전 전원 차단, 절연매트 사용","2인1조 작업, 감시자 배치",고소작업대작업계획서,
담당자 서명,직접 서명,홍길동,김민수,고소작업대작업계획서,
,,,,고소작업대작업계획서,
✅ 체크리스트,해당 항목 누락 시 제출 불가,,,고소작업대작업계획서,
 ,작업내용 구체적 작성,,,,고소작업대작업계획서
 ,감전 예방 장비 사용 여부 확인,,,고소작업대작업계획서,
 ,담당자 서명 필수,,,고소작업대작업계획서,
💡 실무 가이드,작성 전 유의사항,,,고소작업대작업계획서,
 ,고전압 작업 시 보호구 착용 철저,,,고소작업대작업계획서,
 ,전원 차단 후 잔류전압 확인 필수,,,고소작업대작업계획서,
 ,2인 1조 원칙 및 감시자 지정,,,고소작업대작업계획서,
📎 출처,※ 산업안전보건기준에 관한 규칙 및 각종 안전가이드 기준에 따름,,,고소작업대작업계획서,
작업명,예: 분전반 교체작업,기숙사 분전반 교체,생산동 배전함 점검,전기작업계획서,
작업일시,YYYY-MM-DD HH:MM~HH:MM,2025-05-02 09:00~12:00,2025-05-03 13:00~15:00,전기작업계획서,
작업장소,설비 위치 기재,기숙사 1층 전기실,생산동 지하 1층,전기작업계획서,
작업자,성명 기재,홍길동,김민수,전기작업계획서,
작업내용,"교체, 점검, 배선 등",노후 분전반 교체,배전함 누전 점검,전기작업계획서,
사용 장비,"테스터기, 절연장갑 등","전기테스터기, 절연장갑","절연방화복, 절연공구",전기작업계획서,
위험요인,"감전, 화재, 누전 등",전선 피복 손상으로 인한 감전,과부하로 인한 누전,전기작업계획서,
안전조치사항,"차단기 차단, 절연구 사용 등","작업 전 전원 차단, 절연매트 사용","2인1조 작업, 감시자 배치",전기작업계획서,
담당자 서명,직접 서명,홍길동,김민수,전기작업계획서,
,,,,전기작업계획서,
✅ 체크리스트,해당 항목 누락 시 제출 불가,,,전기작업계획서,
 ,작업내용 구체적 작성,,,,전기작업계획서
 ,감전 예방 장비 사용 여부 확인,,,전기작업계획서,
 ,담당자 서명 필수,,,전기작업계획서,
💡 실무 가이드,작성 전 유의사항,,,전기작업계획서,
 ,고전압 작업 시 보호구 착용 철저,,,전기작업계획서,
 ,전원 차단 후 잔류전압 확인 필수,,,전기작업계획서,
 ,2인 1조 원칙 및 감시자 지정,,,전기작업계획서,
📎 출처,※ 산업안전보건기준에 관한 규칙 및 각종 안전가이드 기준에 따름,,,전기작업계획서,
작업명,예: 분전반 교체작업,기숙사 분전반 교체,생산동 배전함 점검,용접작업계획서,
작업일시,YYYY-MM-DD HH:MM~HH:MM,2025-05-02 09:00~12:00,2025-05-03 13:00~15:00,용접작업계획서,
작업장소,설비 위치 기재,기숙사 1층 전기실,생산동 지하 1층,용접작업계획서,
작업자,성명 기재,홍길동,김민수,용접작업계획서,
작업내용,"교체, 점검, 배선 등",노후 분전반 교체,배전함 누전 점검,용접작업계획서,
사용 장비,"테스터기, 절연장갑 등","전기테스터기, 절연장갑","절연방화복, 절연공구",용접작업계획서,
위험요인,"감전, 화재, 누전 등",전선 피복 손상으로 인한 감전,과부하로 인한 누전,용접작업계획서,
안전조치사항,"차단기 차단, 절연구 사용 등","작업 전 전원 차단, 절연매트 사용","2인1조 작업, 감시자 배치",용접작업계획서,
담당자 서명,직접 서명,홍길동,김민수,용접작업계획서,
,,,,용접작업계획서,
✅ 체크리스트,해당 항목 누락 시 제출 불가,,,용접작업계획서,
 ,작업내용 구체적 작성,,,,용접작업계획서
 ,감전 예방 장비 사용 여부 확인,,,용접작업계획서,
 ,담당자 서명 필수,,,용접작업계획서,
💡 실무 가이드,작성 전 유의사항,,,용접작업계획서,
 ,고전압 작업 시 보호구 착용 철저,,,용접작업계획서,
 ,전원 차단 후 잔류전압 확인 필수,,,용접작업계획서,
 ,2인 1조 원칙 및 감시자 지정,,,용접작업계획서,
📎 출처,※ 산업안전보건기준에 관한 규칙 및 각종 안전가이드 기준에 따름,,,용접작업계획서,
작업명,예: 분전반 교체작업,기숙사 분전반 교체,생산동 배전함 점검,굴착작업계획서,
작업일시,YYYY-MM-DD HH:MM~HH:MM,2025-05-02 09:00~12:00,2025-05-03 13:00~15:00,굴착작업계획서,
작업장소,설비 위치 기재,기숙사 1층 전기실,생산동 지하 1층,굴착작업계획서,
작업자,성명 기재,홍길동,김민수,굴착작업계획서,
작업내용,"교체, 점검, 배선 등",노후 분전반 교체,배전함 누전 점검,굴착작업계획서,
사용 장비,"테스터기, 절연장갑 등","전기테스터기, 절연장갑","절연방화복, 절연공구",굴착작업계획서,
위험요인,"감전, 화재, 누전 등",전선 피복 손상으로 인한 감전,과부하로 인한 누전,굴착작업계획서,
안전조치사항,"차단기 차단, 절연구 사용 등","작업 전 전원 차단, 절연매트 사용","2인1조 작업, 감시자 배치",굴착작업계획서,
담당자 서명,직접 서명,홍길동,김민수,굴착작업계획서,
,,,,굴착작업계획서,
✅ 체크리스트,해당 항목 누락 시 제출 불가,,,굴착작업계획서,
 ,작업내용 구체적 작성,,,,굴착작업계획서
 ,감전 예방 장비 사용 여부 확인,,,굴착작업계획서,
 ,담당자 서명 필수,,,굴착작업계획서,
💡 실무 가이드,작성 전 유의사항,,,굴착작업계획서,
 ,고전압 작업 시 보호구 착용 철저,,,굴착작업계획서,
 ,전원 차단 후 잔류전압 확인 필수,,,굴착작업계획서,
 ,2인 1조 원칙 및 감시자 지정,,,굴착작업계획서,
📎 출처,※ 산업안전보건기준에 관한 규칙 및 각종 안전가이드 기준에 따름,,,굴착작업계획서,
작업명,예: 분전반 교체작업,기숙사 분전반 교체,생산동 배전함 점검,밀폐공간 출입계획서,
작업일시,YYYY-MM-DD HH:MM~HH:MM,2025-05-02 09:00~12:00,2025-05-03 13:00~15:00,밀폐공간 출입계획서,
작업장소,설비 위치 기재,기숙사 1층 전기실,생산동 지하 1층,밀폐공간 출입계획서,
작업자,성명 기재,홍길동,김민수,밀폐공간 출입계획서,
작업내용,"교체, 점검, 배선 등",노후 분전반 교체,배전함 누전 점검,밀폐공간 출입계획서,
사용 장비,"테스터기, 절연장갑 등","전기테스터기, 절연장갑","절연방화복, 절연공구",밀폐공간 출입계획서,
위험요인,"감전, 화재, 누전 등",전선 피복 손상으로 인한 감전,과부하로 인한 누전,밀폐공간 출입계획서,
안전조치사항,"차단기 차단, 절연구 사용 등","작업 전 전원 차단, 절연매트 사용","2인1조 작업, 감시자 배치",밀폐공간 출입계획서,
담당자 서명,직접 서명,홍길동,김민수,밀폐공간 출입계획서,
,,,,밀폐공간 출입계획서,
✅ 체크리스트,해당 항목 누락 시 제출 불가,,,밀폐공간 출입계획서,
 ,작업내용 구체적 작성,,,,밀폐공간 출입계획서
 ,감전 예방 장비 사용 여부 확인,,,밀폐공간 출입계획서,
 ,담당자 서명 필수,,,밀폐공간 출입계획서,
💡 실무 가이드,작성 전 유의사항,,,밀폐공간 출입계획서,
 ,고전압 작업 시 보호구 착용 철저,,,밀폐공간 출입계획서,
 ,전원 차단 후 잔류전압 확인 필수,,,밀폐공간 출입계획서,
 ,2인 1조 원칙 및 감시자 지정,,,밀폐공간 출입계획서,
📎 출처,※ 산업안전보건기준에 관한 규칙 및 각종 안전가이드 기준에 따름,,,밀폐공간 출입계획서,
작업명,예: 분전반 교체작업,기숙사 분전반 교체,생산동 배전함 점검,크레인 작업계획서,
작업일시,YYYY-MM-DD HH:MM~HH:MM,2025-05-02 09:00~12:00,2025-05-03 13:00~15:00,크레인 작업계획서,
작업장소,설비 위치 기재,기숙사 1층 전기실,생산동 지하 1층,크레인 작업계획서,
작업자,성명 기재,홍길동,김민수,크레인 작업계획서,
작업내용,"교체, 점검, 배선 등",노후 분전반 교체,배전함 누전 점검,크레인 작업계획서,
사용 장비,"테스터기, 절연장갑 등","전기테스터기, 절연장갑","절연방화복, 절연공구",크레인 작업계획서,
위험요인,"감전, 화재, 누전 등",전선 피복 손상으로 인한 감전,과부하로 인한 누전,크레인 작업계획서,
안전조치사항,"차단기 차단, 절연구 사용 등","작업 전 전원 차단, 절연매트 사용","2인1조 작업, 감시자 배치",크레인 작업계획서,
담당자 서명,직접 서명,홍길동,김민수,크레인 작업계획서,
,,,,크레인 작업계획서,
✅ 체크리스트,해당 항목 누락 시 제출 불가,,,크레인 작업계획서,
 ,작업내용 구체적 작성,,,,크레인 작업계획서
 ,감전 예방 장비 사용 여부 확인,,,크레인 작업계획서,
 ,담당자 서명 필수,,,크레인 작업계획서,
💡 실무 가이드,작성 전 유의사항,,,크레인 작업계획서,
 ,고전압 작업 시 보호구 착용 철저,,,크레인 작업계획서,
 ,전원 차단 후 잔류전압 확인 필수,,,크레인 작업계획서,
 ,2인 1조 원칙 및 감시자 지정,,,크레인 작업계획서,
📎 출처,※ 산업안전보건기준에 관한 규칙 및 각종 안전가이드 기준에 따름,,,크레인 작업계획서,
작업명,예: 분전반 교체작업,기숙사 분전반 교체,생산동 배전함 점검,비계 설치계획서,
작업일시,YYYY-MM-DD HH:MM~HH:MM,2025-05-02 09:00~12:00,2025-05-03 13:00~15:00,비계 설치계획서,
작업장소,설비 위치 기재,기숙사 1층 전기실,생산동 지하 1층,비계 설치계획서,
작업자,성명 기재,홍길동,김민수,비계 설치계획서,
작업내용,"교체, 점검, 배선 등",노후 분전반 교체,배전함 누전 점검,비계 설치계획서,
사용 장비,"테스터기, 절연장갑 등","전기테스터기, 절연장갑","절연방화복, 절연공구",비계 설치계획서,
위험요인,"감전, 화재, 누전 등",전선 피복 손상으로 인한 감전,과부하로 인한 누전,비계 설치계획서,
안전조치사항,"차단기 차단, 절연구 사용 등","작업 전 전원 차단, 절연매트 사용","2인1조 작업, 감시자 배치",비계 설치계획서,
담당자 서명,직접 서명,홍길동,김민수,비계 설치계획서,
,,,,비계 설치계획서,
✅ 체크리스트,해당 항목 누락 시 제출 불가,,,비계 설치계획서,
 ,작업내용 구체적 작성,,,,비계 설치계획서
 ,감전 예방 장비 사용 여부 확인,,,비계 설치계획서,
 ,담당자 서명 필수,,,비계 설치계획서,
💡 실무 가이드,작성 전 유의사항,,,비계 설치계획서,
 ,고전압 작업 시 보호구 착용 철저,,,비계 설치계획서,
 ,전원 차단 후 잔류전압 확인 필수,,,비계 설치계획서,
 ,2인 1조 원칙 및 감시자 지정,,,비계 설치계획서,
📎 출처,※ 산업안전보건기준에 관한 규칙 및 각종 안전가이드 기준에 따름,,,비계 설치계획서,
작업명,예: 분전반 교체작업,기숙사 분전반 교체,생산동 배전함 점검,기중기 점검표,
작업일시,YYYY-MM-DD HH:MM~HH:MM,2025-05-02 09:00~12:00,2025-05-03 13:00~15:00,기중기 점검표,
작업장소,설비 위치 기재,기숙사 1층 전기실,생산동 지하 1층,기중기 점검표,
작업자,성명 기재,홍길동,김민수,기중기 점검표,
작업내용,"교체, 점검, 배선 등",노후 분전반 교체,배전함 누전 점검,기중기 점검표,
사용 장비,"테스터기, 절연장갑 등","전기테스터기, 절연장갑","절연방화복, 절연공구",기중기 점검표,
위험요인,"감전, 화재, 누전 등",전선 피복 손상으로 인한 감전,과부하로 인한 누전,기중기 점검표,
안전조치사항,"차단기 차단, 절연구 사용 등","작업 전 전원 차단, 절연매트 사용","2인1조 작업, 감시자 배치",기중기 점검표,
담당자 서명,직접 서명,홍길동,김민수,기중기 점검표,
,,,,기중기 점검표,
✅ 체크리스트,해당 항목 누락 시 제출 불가,,,기중기 점검표,
 ,작업내용 구체적 작성,,,,기중기 점검표
 ,감전 예방 장비 사용 여부 확인,,,기중기 점검표,
 ,담당자 서명 필수,,,기중기 점검표,
💡 실무 가이드,작성 전 유의사항,,,기중기 점검표,
 ,고전압 작업 시 보호구 착용 철저,,,기중기 점검표,
 ,전원 차단 후 잔류전압 확인 필수,,,기중기 점검표,
 ,2인 1조 원칙 및 감시자 지정,,,기중기 점검표,
📎 출처,※ 산업안전보건기준에 관한 규칙 및 각종 안전가이드 기준에 따름,,,기중기 점검표,
작업명,예: 분전반 교체작업,기숙사 분전반 교체,생산동 배전함 점검,가스용접 작업계획서,
작업일시,YYYY-MM-DD HH:MM~HH:MM,2025-05-02 09:00~12:00,2025-05-03 13:00~15:00,가스용접 작업계획서,
작업장소,설비 위치 기재,기숙사 1층 전기실,생산동 지하 1층,가스용접 작업계획서,
작업자,성명 기재,홍길동,김민수,가스용접 작업계획서,
작업내용,"교체, 점검, 배선 등",노후 분전반 교체,배전함 누전 점검,가스용접 작업계획서,
사용 장비,"테스터기, 절연장갑 등","전기테스터기, 절연장갑","절연방화복, 절연공구",가스용접 작업계획서,
위험요인,"감전, 화재, 누전 등",전선 피복 손상으로 인한 감전,과부하로 인한 누전,가스용접 작업계획서,
안전조치사항,"차단기 차단, 절연구 사용 등","작업 전 전원 차단, 절연매트 사용","2인1조 작업, 감시자 배치",가스용접 작업계획서,
담당자 서명,직접 서명,홍길동,김민수,가스용접 작업계획서,
,,,,가스용접 작업계획서,
✅ 체크리스트,해당 항목 누락 시 제출 불가,,,가스용접 작업계획서,
 ,작업내용 구체적 작성,,,,가스용접 작업계획서
 ,감전 예방 장비 사용 여부 확인,,,가스용접 작업계획서,
 ,담당자 서명 필수,,,가스용접 작업계획서,
💡 실무 가이드,작성 전 유의사항,,,가스용접 작업계획서,
 ,고전압 작업 시 보호구 착용 철저,,,가스용접 작업계획서,
 ,전원 차단 후 잔류전압 확인 필수,,,가스용접 작업계획서,
 ,2인 1조 원칙 및 감시자 지정,,,가스용접 작업계획서,
📎 출처,※ 산업안전보건기준에 관한 규칙 및 각종 안전가이드 기준에 따름,,,가스용접 작업계획서,
작업명,예: 분전반 교체작업,기숙사 분전반 교체,생산동 배전함 점검,전선 설치계획서,
작업일시,YYYY-MM-DD HH:MM~HH:MM,2025-05-02 09:00~12:00,2025-05-03 13:00~15:00,전선 설치계획서,
작업장소,설비 위치 기재,기숙사 1층 전기실,생산동 지하 1층,전선 설치계획서,
작업자,성명 기재,홍길동,김민수,전선 설치계획서,
작업내용,"교체, 점검, 배선 등",노후 분전반 교체,배전함 누전 점검,전선 설치계획서,
사용 장비,"테스터기, 절연장갑 등","전기테스터기, 절연장갑","절연방화복, 절연공구",전선 설치계획서,
위험요인,"감전, 화재, 누전 등",전선 피복 손상으로 인한 감전,과부하로 인한 누전,전선 설치계획서,
안전조치사항,"차단기 차단, 절연구 사용 등","작업 전 전원 차단, 절연매트 사용","2인1조 작업, 감시자 배치",전선 설치계획서,
담당자 서명,직접 서명,홍길동,김민수,전선 설치계획서,
,,,,전선 설치계획서,
✅ 체크리스트,해당 항목 누락 시 제출 불가,,,전선 설치계획서,
 ,작업내용 구체적 작성,,,,전선 설치계획서
 ,감전 예방 장비 사용 여부 확인,,,전선 설치계획서,
 ,담당자 서명 필수,,,전선 설치계획서,
💡 실무 가이드,작성 전 유의사항,,,전선 설치계획서,
 ,고전압 작업 시 보호구 착용 철저,,,전선 설치계획서,
 ,전원 차단 후 잔류전압 확인 필수,,,전선 설치계획서,
 ,2인 1조 원칙 및 감시자 지정,,,전선 설치계획서,
📎 출처,※ 산업안전보건기준에 관한 규칙 및 각종 안전가이드 기준에 따름,,,전선 설치계획서,
작업명,예: 분전반 교체작업,기숙사 분전반 교체,생산동 배전함 점검,배관용접 계획서,
작업일시,YYYY-MM-DD HH:MM~HH:MM,2025-05-02 09:00~12:00,2025-05-03 13:00~15:00,배관용접 계획서,
작업장소,설비 위치 기재,기숙사 1층 전기실,생산동 지하 1층,배관용접 계획서,
작업자,성명 기재,홍길동,김민수,배관용접 계획서,
작업내용,"교체, 점검, 배선 등",노후 분전반 교체,배전함 누전 점검,배관용접 계획서,
사용 장비,"테스터기, 절연장갑 등","전기테스터기, 절연장갑","절연방화복, 절연공구",배관용접 계획서,
위험요인,"감전, 화재, 누전 등",전선 피복 손상으로 인한 감전,과부하로 인한 누전,배관용접 계획서,
안전조치사항,"차단기 차단, 절연구 사용 등","작업 전 전원 차단, 절연매트 사용","2인1조 작업, 감시자 배치",배관용접 계획서,
담당자 서명,직접 서명,홍길동,김민수,배관용접 계획서,
,,,,배관용접 계획서,
✅ 체크리스트,해당 항목 누락 시 제출 불가,,,배관용접 계획서,
 ,작업내용 구체적 작성,,,,배관용접 계획서
 ,감전 예방 장비 사용 여부 확인,,,배관용접 계획서,
 ,담당자 서명 필수,,,배관용접 계획서,
💡 실무 가이드,작성 전 유의사항,,,배관용접 계획서,
 ,고전압 작업 시 보호구 착용 철저,,,배관용접 계획서,
 ,전원 차단 후 잔류전압 확인 필수,,,배관용접 계획서,
 ,2인 1조 원칙 및 감시자 지정,,,배관용접 계획서,
📎 출처,※ 산업안전보건기준에 관한 규칙 및 각종 안전가이드 기준에 따름,,,배관용접 계획서,
작업명,예: 분전반 교체작업,기숙사 분전반 교체,생산동 배전함 점검,가시설점검표,
작업일시,YYYY-MM-DD HH:MM~HH:MM,2025-05-02 09:00~12:00,2025-05-03 13:00~15:00,가시설점검표,
작업장소,설비 위치 기재,기숙사 1층 전기실,생산동 지하 1층,가시설점검표,
작업자,성명 기재,홍길동,김민수,가시설점검표,
작업내용,"교체, 점검, 배선 등",노후 분전반 교체,배전함 누전 점검,가시설점검표,
사용 장비,"테스터기, 절연장갑 등","전기테스터기, 절연장갑","절연방화복, 절연공구",가시설점검표,
위험요인,"감전, 화재, 누전 등",전선 피복 손상으로 인한 감전,과부하로 인한 누전,가시설점검표,
안전조치사항,"차단기 차단, 절연구 사용 등","작업 전 전원 차단, 절연매트 사용","2인1조 작업, 감시자 배치",가시설점검표,
담당자 서명,직접 서명,홍길동,김민수,가시설점검표,
,,,,가시설점검표,
✅ 체크리스트,해당 항목 누락 시 제출 불가,,,가시설점검표,
 ,작업내용 구체적 작성,,,,가시설점검표
 ,감전 예방 장비 사용 여부 확인,,,가시설점검표,
 ,담당자 서명 필수,,,가시설점검표,
💡 실무 가이드,작성 전 유의사항,,,가시설점검표,
 ,고전압 작업 시 보호구 착용 철저,,,가시설점검표,
 ,전원 차단 후 잔류전압 확인 필수,,,가시설점검표,
 ,2인 1조 원칙 및 감시자 지정,,,가시설점검표,
📎 출처,※ 산업안전보건기준에 관한 규칙 및 각종 안전가이드 기준에 따름,,,가시설점검표,
작업명,예: 분전반 교체작업,기숙사 분전반 교체,생산동 배전함 점검,고압가스작업계획서,
작업일시,YYYY-MM-DD HH:MM~HH:MM,2025-05-02 09:00~12:00,2025-05-03 13:00~15:00,고압가스작업계획서,
작업장소,설비 위치 기재,기숙사 1층 전기실,생산동 지하 1층,고압가스작업계획서,
작업자,성명 기재,홍길동,김민수,고압가스작업계획서,
작업내용,"교체, 점검, 배선 등",노후 분전반 교체,배전함 누전 점검,고압가스작업계획서,
사용 장비,"테스터기, 절연장갑 등","전기테스터기, 절연장갑","절연방화복, 절연공구",고압가스작업계획서,
위험요인,"감전, 화재, 누전 등",전선 피복 손상으로 인한 감전,과부하로 인한 누전,고압가스작업계획서,
안전조치사항,"차단기 차단, 절연구 사용 등","작업 전 전원 차단, 절연매트 사용","2인1조 작업, 감시자 배치",고압가스작업계획서,
담당자 서명,직접 서명,홍길동,김민수,고압가스작업계획서,
,,,,고압가스작업계획서,
✅ 체크리스트,해당 항목 누락 시 제출 불가,,,고압가스작업계획서,
 ,작업내용 구체적 작성,,,,고압가스작업계획서
 ,감전 예방 장비 사용 여부 확인,,,고압가스작업계획서,
 ,담당자 서명 필수,,,고압가스작업계획서,
💡 실무 가이드,작성 전 유의사항,,,고압가스작업계획서,
 ,고전압 작업 시 보호구 착용 철저,,,고압가스작업계획서,
 ,전원 차단 후 잔류전압 확인 필수,,,고압가스작업계획서,
 ,2인 1조 원칙 및 감시자 지정,,,고압가스작업계획서,
📎 출처,※ 산업안전보건기준에 관한 규칙 및 각종 안전가이드 기준에 따름,,,고압가스작업계획서,
작업명,예: 분전반 교체작업,기숙사 분전반 교체,생산동 배전함 점검,교대근무계획표,
작업일시,YYYY-MM-DD HH:MM~HH:MM,2025-05-02 09:00~12:00,2025-05-03 13:00~15:00,교대근무계획표,
작업장소,설비 위치 기재,기숙사 1층 전기실,생산동 지하 1층,교대근무계획표,
작업자,성명 기재,홍길동,김민수,교대근무계획표,
작업내용,"교체, 점검, 배선 등",노후 분전반 교체,배전함 누전 점검,교대근무계획표,
사용 장비,"테스터기, 절연장갑 등","전기테스터기, 절연장갑","절연방화복, 절연공구",교대근무계획표,
위험요인,"감전, 화재, 누전 등",전선 피복 손상으로 인한 감전,과부하로 인한 누전,교대근무계획표,
안전조치사항,"차단기 차단, 절연구 사용 등","작업 전 전원 차단, 절연매트 사용","2인1조 작업, 감시자 배치",교대근무계획표,
담당자 서명,직접 서명,홍길동,김민수,교대근무계획표,
,,,,교대근무계획표,
✅ 체크리스트,해당 항목 누락 시 제출 불가,,,교대근무계획표,
 ,작업내용 구체적 작성,,,,교대근무계획표
 ,감전 예방 장비 사용 여부 확인,,,교대근무계획표,
 ,담당자 서명 필수,,,교대근무계획표,
💡 실무 가이드,작성 전 유의사항,,,교대근무계획표,
 ,고전압 작업 시 보호구 착용 철저,,,교대근무계획표,
 ,전원 차단 후 잔류전압 확인 필수,,,교대근무계획표,
 ,2인 1조 원칙 및 감시자 지정,,,교대근무계획표,
📎 출처,※ 산업안전보건기준에 관한 규칙 및 각종 안전가이드 기준에 따름,,,교대근무계획표,
작업명,예: 분전반 교체작업,기숙사 분전반 교체,생산동 배전함 점검,구내버스운행관리대장,
작업일시,YYYY-MM-DD HH:MM~HH:MM,2025-05-02 09:00~12:00,2025-05-03 13:00~15:00,구내버스운행관리대장,
작업장소,설비 위치 기재,기숙사 1층 전기실,생산동 지하 1층,구내버스운행관리대장,
작업자,성명 기재,홍길동,김민수,구내버스운행관리대장,
작업내용,"교체, 점검, 배선 등",노후 분전반 교체,배전함 누전 점검,구내버스운행관리대장,
사용 장비,"테스터기, 절연장갑 등","전기테스터기, 절연장갑","절연방화복, 절연공구",구내버스운행관리대장,
위험요인,"감전, 화재, 누전 등",전선 피복 손상으로 인한 감전,과부하로 인한 누전,구내버스운행관리대장,
안전조치사항,"차단기 차단, 절연구 사용 등","작업 전 전원 차단, 절연매트 사용","2인1조 작업, 감시자 배치",구내버스운행관리대장,
담당자 서명,직접 서명,홍길동,김민수,구내버스운행관리대장,
,,,,구내버스운행관리대장,
✅ 체크리스트,해당 항목 누락 시 제출 불가,,,구내버스운행관리대장,
 ,작업내용 구체적 작성,,,,구내버스운행관리대장
 ,감전 예방 장비 사용 여부 확인,,,구내버스운행관리대장,
 ,담당자 서명 필수,,,구내버스운행관리대장,
💡 실무 가이드,작성 전 유의사항,,,구내버스운행관리대장,
 ,고전압 작업 시 보호구 착용 철저,,,구내버스운행관리대장,
 ,전원 차단 후 잔류전압 확인 필수,,,구내버스운행관리대장,
 ,2인 1조 원칙 및 감시자 지정,,,구내버스운행관리대장,
📎 출처,※ 산업안전보건기준에 관한 규칙 및 각종 안전가이드 기준에 따름,,,구내버스운행관리대장,
작업명,예: 분전반 교체작업,기숙사 분전반 교체,생산동 배전함 점검,굴삭기운전계획서,
작업일시,YYYY-MM-DD HH:MM~HH:MM,2025-05-02 09:00~12:00,2025-05-03 13:00~15:00,굴삭기운전계획서,
작업장소,설비 위치 기재,기숙사 1층 전기실,생산동 지하 1층,굴삭기운전계획서,
작업자,성명 기재,홍길동,김민수,굴삭기운전계획서,
작업내용,"교체, 점검, 배선 등",노후 분전반 교체,배전함 누전 점검,굴삭기운전계획서,
사용 장비,"테스터기, 절연장갑 등","전기테스터기, 절연장갑","절연방화복, 절연공구",굴삭기운전계획서,
위험요인,"감전, 화재, 누전 등",전선 피복 손상으로 인한 감전,과부하로 인한 누전,굴삭기운전계획서,
안전조치사항,"차단기 차단, 절연구 사용 등","작업 전 전원 차단, 절연매트 사용","2인1조 작업, 감시자 배치",굴삭기운전계획서,
담당자 서명,직접 서명,홍길동,김민수,굴삭기운전계획서,
,,,,굴삭기운전계획서,
✅ 체크리스트,해당 항목 누락 시 제출 불가,,,굴삭기운전계획서,
 ,작업내용 구체적 작성,,,,굴삭기운전계획서
 ,감전 예방 장비 사용 여부 확인,,,굴삭기운전계획서,
 ,담당자 서명 필수,,,굴삭기운전계획서,
💡 실무 가이드,작성 전 유의사항,,,굴삭기운전계획서,
 ,고전압 작업 시 보호구 착용 철저,,,굴삭기운전계획서,
 ,전원 차단 후 잔류전압 확인 필수,,,굴삭기운전계획서,
 ,2인 1조 원칙 및 감시자 지정,,,굴삭기운전계획서,
📎 출처,※ 산업안전보건기준에 관한 규칙 및 각종 안전가이드 기준에 따름,,,굴삭기운전계획서,
작업명,예: 분전반 교체작업,기숙사 분전반 교체,생산동 배전함 점검,위험기계잠금·격리절차서,
작업일시,YYYY-MM-DD HH:MM~HH:MM,2025-05-02 09:00~12:00,2025-05-03 13:00~15:00,위험기계잠금·격리절차서,
작업장소,설비 위치 기재,기숙사 1층 전기실,생산동 지하 1층,위험기계잠금·격리절차서,
작업자,성명 기재,홍길동,김민수,위험기계잠금·격리절차서,
작업내용,"교체, 점검, 배선 등",노후 분전반 교체,배전함 누전 점검,위험기계잠금·격리절차서,
사용 장비,"테스터기, 절연장갑 등","전기테스터기, 절연장갑","절연방화복, 절연공구",위험기계잠금·격리절차서,
위험요인,"감전, 화재, 누전 등",전선 피복 손상으로 인한 감전,과부하로 인한 누전,위험기계잠금·격리절차서,
안전조치사항,"차단기 차단, 절연구 사용 등","작업 전 전원 차단, 절연매트 사용","2인1조 작업, 감시자 배치",위험기계잠금·격리절차서,
담당자 서명,직접 서명,홍길동,김민수,위험기계잠금·격리절차서,
,,,,위험기계잠금·격리절차서,
✅ 체크리스트,해당 항목 누락 시 제출 불가,,,위험기계잠금·격리절차서,
 ,작업내용 구체적 작성,,,,위험기계잠금·격리절차서
 ,감전 예방 장비 사용 여부 확인,,,위험기계잠금·격리절차서,
 ,담당자 서명 필수,,,위험기계잠금·격리절차서,
💡 실무 가이드,작성 전 유의사항,,,위험기계잠금·격리절차서,
 ,고전압 작업 시 보호구 착용 철저,,,위험기계잠금·격리절차서,
 ,전원 차단 후 잔류전압 확인 필수,,,위험기계잠금·격리절차서,
 ,2인 1조 원칙 및 감시자 지정,,,위험기계잠금·격리절차서,
📎 출처,※ 산업안전보건기준에 관한 규칙 및 각종 안전가이드 기준에 따름,,,위험기계잠금·격리절차서,
작업명,예: 분전반 교체작업,기숙사 분전반 교체,생산동 배전함 점검,방폭설비유지보수계획서,
작업일시,YYYY-MM-DD HH:MM~HH:MM,2025-05-02 09:00~12:00,2025-05-03 13:00~15:00,방폭설비유지보수계획서,
작업장소,설비 위치 기재,기숙사 1층 전기실,생산동 지하 1층,방폭설비유지보수계획서,
작업자,성명 기재,홍길동,김민수,방폭설비유지보수계획서,
작업내용,"교체, 점검, 배선 등",노후 분전반 교체,배전함 누전 점검,방폭설비유지보수계획서,
사용 장비,"테스터기, 절연장갑 등","전기테스터기, 절연장갑","절연방화복, 절연공구",방폭설비유지보수계획서,
위험요인,"감전, 화재, 누전 등",전선 피복 손상으로 인한 감전,과부하로 인한 누전,방폭설비유지보수계획서,
안전조치사항,"차단기 차단, 절연구 사용 등","작업 전 전원 차단, 절연매트 사용","2인1조 작업, 감시자 배치",방폭설비유지보수계획서,
담당자 서명,직접 서명,홍길동,김민수,방폭설비유지보수계획서,
,,,,방폭설비유지보수계획서,
✅ 체크리스트,해당 항목 누락 시 제출 불가,,,방폭설비유지보수계획서,
 ,작업내용 구체적 작성,,,,방폭설비유지보수계획서
 ,감전 예방 장비 사용 여부 확인,,,방폭설비유지보수계획서,
 ,담당자 서명 필수,,,방폭설비유지보수계획서,
💡 실무 가이드,작성 전 유의사항,,,방폭설비유지보수계획서,
 ,고전압 작업 시 보호구 착용 철저,,,방폭설비유지보수계획서,
 ,전원 차단 후 잔류전압 확인 필수,,,방폭설비유지보수계획서,
 ,2인 1조 원칙 및 감시자 지정,,,방폭설비유지보수계획서,
📎 출처,※ 산업안전보건기준에 관한 규칙 및 각종 안전가이드 기준에 따름,,,방폭설비유지보수계획서,
작업명,예: 분전반 교체작업,기숙사 분전반 교체,생산동 배전함 점검,보건관리순회일지,
작업일시,YYYY-MM-DD HH:MM~HH:MM,2025-05-02 09:00~12:00,2025-05-03 13:00~15:00,보건관리순회일지,
작업장소,설비 위치 기재,기숙사 1층 전기실,생산동 지하 1층,보건관리순회일지,
작업자,성명 기재,홍길동,김민수,보건관리순회일지,
작업내용,"교체, 점검, 배선 등",노후 분전반 교체,배전함 누전 점검,보건관리순회일지,
사용 장비,"테스터기, 절연장갑 등","전기테스터기, 절연장갑","절연방화복, 절연공구",보건관리순회일지,
위험요인,"감전, 화재, 누전 등",전선 피복 손상으로 인한 감전,과부하로 인한 누전,보건관리순회일지,
안전조치사항,"차단기 차단, 절연구 사용 등","작업 전 전원 차단, 절연매트 사용","2인1조 작업, 감시자 배치",보건관리순회일지,
담당자 서명,직접 서명,홍길동,김민수,보건관리순회일지,
,,,,보건관리순회일지,
✅ 체크리스트,해당 항목 누락 시 제출 불가,,,보건관리순회일지,
 ,작업내용 구체적 작성,,,,보건관리순회일지
 ,감전 예방 장비 사용 여부 확인,,,보건관리순회일지,
 ,담당자 서명 필수,,,보건관리순회일지,
💡 실무 가이드,작성 전 유의사항,,,보건관리순회일지,
 ,고전압 작업 시 보호구 착용 철저,,,보건관리순회일지,
 ,전원 차단 후 잔류전압 확인 필수,,,보건관리순회일지,
 ,2인 1조 원칙 및 감시자 지정,,,보건관리순회일지,
📎 출처,※ 산업안전보건기준에 관한 규칙 및 각종 안전가이드 기준에 따름,,,보건관리순회일지,
작업명,예: 분전반 교체작업,기숙사 분전반 교체,생산동 배전함 점검,비상대응훈련계획서,
작업일시,YYYY-MM-DD HH:MM~HH:MM,2025-05-02 09:00~12:00,2025-05-03 13:00~15:00,비상대응훈련계획서,
작업장소,설비 위치 기재,기숙사 1층 전기실,생산동 지하 1층,비상대응훈련계획서,
작업자,성명 기재,홍길동,김민수,비상대응훈련계획서,
작업내용,"교체, 점검, 배선 등",노후 분전반 교체,배전함 누전 점검,비상대응훈련계획서,
사용 장비,"테스터기, 절연장갑 등","전기테스터기, 절연장갑","절연방화복, 절연공구",비상대응훈련계획서,
위험요인,"감전, 화재, 누전 등",전선 피복 손상으로 인한 감전,과부하로 인한 누전,비상대응훈련계획서,
안전조치사항,"차단기 차단, 절연구 사용 등","작업 전 전원 차단, 절연매트 사용","2인1조 작업, 감시자 배치",비상대응훈련계획서,
담당자 서명,직접 서명,홍길동,김민수,비상대응훈련계획서,
,,,,비상대응훈련계획서,
✅ 체크리스트,해당 항목 누락 시 제출 불가,,,비상대응훈련계획서,
 ,작업내용 구체적 작성,,,,비상대응훈련계획서
 ,감전 예방 장비 사용 여부 확인,,,비상대응훈련계획서,
 ,담당자 서명 필수,,,비상대응훈련계획서,
💡 실무 가이드,작성 전 유의사항,,,비상대응훈련계획서,
 ,고전압 작업 시 보호구 착용 철저,,,비상대응훈련계획서,
 ,전원 차단 후 잔류전압 확인 필수,,,비상대응훈련계획서,
 ,2인 1조 원칙 및 감시자 지정,,,비상대응훈련계획서,
📎 출처,※ 산업안전보건기준에 관한 규칙 및 각종 안전가이드 기준에 따름,,,비상대응훈련계획서,
작업명,예: 분전반 교체작업,기숙사 분전반 교체,생산동 배전함 점검,사무실안전점검표,
작업일시,YYYY-MM-DD HH:MM~HH:MM,2025-05-02 09:00~12:00,2025-05-03 13:00~15:00,사무실안전점검표,
작업장소,설비 위치 기재,기숙사 1층 전기실,생산동 지하 1층,사무실안전점검표,
작업자,성명 기재,홍길동,김민수,사무실안전점검표,
작업내용,"교체, 점검, 배선 등",노후 분전반 교체,배전함 누전 점검,사무실안전점검표,
사용 장비,"테스터기, 절연장갑 등","전기테스터기, 절연장갑","절연방화복, 절연공구",사무실안전점검표,
위험요인,"감전, 화재, 누전 등",전선 피복 손상으로 인한 감전,과부하로 인한 누전,사무실안전점검표,
안전조치사항,"차단기 차단, 절연구 사용 등","작업 전 전원 차단, 절연매트 사용","2인1조 작업, 감시자 배치",사무실안전점검표,
담당자 서명,직접 서명,홍길동,김민수,사무실안전점검표,
,,,,사무실안전점검표,
✅ 체크리스트,해당 항목 누락 시 제출 불가,,,사무실안전점검표,
 ,작업내용 구체적 작성,,,,사무실안전점검표
 ,감전 예방 장비 사용 여부 확인,,,사무실안전점검표,
 ,담당자 서명 필수,,,사무실안전점검표,
💡 실무 가이드,작성 전 유의사항,,,사무실안전점검표,
 ,고전압 작업 시 보호구 착용 철저,,,사무실안전점검표,
 ,전원 차단 후 잔류전압 확인 필수,,,사무실안전점검표,
 ,2인 1조 원칙 및 감시자 지정,,,사무실안전점검표,
📎 출처,※ 산업안전보건기준에 관한 규칙 및 각종 안전가이드 기준에 따름,,,사무실안전점검표,
작업명,예: 분전반 교체작업,기숙사 분전반 교체,생산동 배전함 점검,생산설비정비계획서,
작업일시,YYYY-MM-DD HH:MM~HH:MM,2025-05-02 09:00~12:00,2025-05-03 13:00~15:00,생산설비정비계획서,
작업장소,설비 위치 기재,기숙사 1층 전기실,생산동 지하 1층,생산설비정비계획서,
작업자,성명 기재,홍길동,김민수,생산설비정비계획서,
작업내용,"교체, 점검, 배선 등",노후 분전반 교체,배전함 누전 점검,생산설비정비계획서,
사용 장비,"테스터기, 절연장갑 등","전기테스터기, 절연장갑","절연방화복, 절연공구",생산설비정비계획서,
위험요인,"감전, 화재, 누전 등",전선 피복 손상으로 인한 감전,과부하로 인한 누전,생산설비정비계획서,
안전조치사항,"차단기 차단, 절연구 사용 등","작업 전 전원 차단, 절연매트 사용","2인1조 작업, 감시자 배치",생산설비정비계획서,
담당자 서명,직접 서명,홍길동,김민수,생산설비정비계획서,
,,,,생산설비정비계획서,
✅ 체크리스트,해당 항목 누락 시 제출 불가,,,생산설비정비계획서,
 ,작업내용 구체적 작성,,,,생산설비정비계획서
 ,감전 예방 장비 사용 여부 확인,,,생산설비정비계획서,
 ,담당자 서명 필수,,,생산설비정비계획서,
💡 실무 가이드,작성 전 유의사항,,,생산설비정비계획서,
 ,고전압 작업 시 보호구 착용 철저,,,생산설비정비계획서,
 ,전원 차단 후 잔류전압 확인 필수,,,생산설비정비계획서,
 ,2인 1조 원칙 및 감시자 지정,,,생산설비정비계획서,
📎 출처,※ 산업안전보건기준에 관한 규칙 및 각종 안전가이드 기준에 따름,,,생산설비정비계획서,
작업명,예: 분전반 교체작업,기숙사 분전반 교체,생산동 배전함 점검,선박·해양구조물점검표,
작업일시,YYYY-MM-DD HH:MM~HH:MM,2025-05-02 09:00~12:00,2025-05-03 13:00~15:00,선박·해양구조물점검표,
작업장소,설비 위치 기재,기숙사 1층 전기실,생산동 지하 1층,선박·해양구조물점검표,
작업자,성명 기재,홍길동,김민수,선박·해양구조물점검표,
작업내용,"교체, 점검, 배선 등",노후 분전반 교체,배전함 누전 점검,선박·해양구조물점검표,
사용 장비,"테스터기, 절연장갑 등","전기테스터기, 절연장갑","절연방화복, 절연공구",선박·해양구조물점검표,
위험요인,"감전, 화재, 누전 등",전선 피복 손상으로 인한 감전,과부하로 인한 누전,선박·해양구조물점검표,
안전조치사항,"차단기 차단, 절연구 사용 등","작업 전 전원 차단, 절연매트 사용","2인1조 작업, 감시자 배치",선박·해양구조물점검표,
담당자 서명,직접 서명,홍길동,김민수,선박·해양구조물점검표,
,,,,선박·해양구조물점검표,
✅ 체크리스트,해당 항목 누락 시 제출 불가,,,선박·해양구조물점검표,
 ,작업내용 구체적 작성,,,,선박·해양구조물점검표
 ,감전 예방 장비 사용 여부 확인,,,선박·해양구조물점검표,
 ,담당자 서명 필수,,,선박·해양구조물점검표,
💡 실무 가이드,작성 전 유의사항,,,선박·해양구조물점검표,
 ,고전압 작업 시 보호구 착용 철저,,,선박·해양구조물점검표,
 ,전원 차단 후 잔류전압 확인 필수,,,선박·해양구조물점검표,
 ,2인 1조 원칙 및 감시자 지정,,,선박·해양구조물점검표,
📎 출처,※ 산업안전보건기준에 관한 규칙 및 각종 안전가이드 기준에 따름,,,선박·해양구조물점검표,
작업명,예: 분전반 교체작업,기숙사 분전반 교체,생산동 배전함 점검,소음진동측정계획서,
작업일시,YYYY-MM-DD HH:MM~HH:MM,2025-05-02 09:00~12:00,2025-05-03 13:00~15:00,소음진동측정계획서,
작업장소,설비 위치 기재,기숙사 1층 전기실,생산동 지하 1층,소음진동측정계획서,
작업자,성명 기재,홍길동,김민수,소음진동측정계획서,
작업내용,"교체, 점검, 배선 등",노후 분전반 교체,배전함 누전 점검,소음진동측정계획서,
사용 장비,"테스터기, 절연장갑 등","전기테스터기, 절연장갑","절연방화복, 절연공구",소음진동측정계획서,
위험요인,"감전, 화재, 누전 등",전선 피복 손상으로 인한 감전,과부하로 인한 누전,소음진동측정계획서,
안전조치사항,"차단기 차단, 절연구 사용 등","작업 전 전원 차단, 절연매트 사용","2인1조 작업, 감시자 배치",소음진동측정계획서,
담당자 서명,직접 서명,홍길동,김민수,소음진동측정계획서,
,,,,소음진동측정계획서,
✅ 체크리스트,해당 항목 누락 시 제출 불가,,,소음진동측정계획서,
 ,작업내용 구체적 작성,,,,소음진동측정계획서
 ,감전 예방 장비 사용 여부 확인,,,소음진동측정계획서,
 ,담당자 서명 필수,,,소음진동측정계획서,
💡 실무 가이드,작성 전 유의사항,,,소음진동측정계획서,
 ,고전압 작업 시 보호구 착용 철저,,,소음진동측정계획서,
 ,전원 차단 후 잔류전압 확인 필수,,,소음진동측정계획서,
 ,2인 1조 원칙 및 감시자 지정,,,소음진동측정계획서,
📎 출처,※ 산업안전보건기준에 관한 규칙 및 각종 안전가이드 기준에 따름,,,소음진동측정계획서,
작업명,예: 분전반 교체작업,기숙사 분전반 교체,생산동 배전함 점검,소방설비점검표,
작업일시,YYYY-MM-DD HH:MM~HH:MM,2025-05-02 09:00~12:00,2025-05-03 13:00~15:00,소방설비점검표,
작업장소,설비 위치 기재,기숙사 1층 전기실,생산동 지하 1층,소방설비점검표,
작업자,성명 기재,홍길동,김민수,소방설비점검표,
작업내용,"교체, 점검, 배선 등",노후 분전반 교체,배전함 누전 점검,소방설비점검표,
사용 장비,"테스터기, 절연장갑 등","전기테스터기, 절연장갑","절연방화복, 절연공구",소방설비점검표,
위험요인,"감전, 화재, 누전 등",전선 피복 손상으로 인한 감전,과부하로 인한 누전,소방설비점검표,
안전조치사항,"차단기 차단, 절연구 사용 등","작업 전 전원 차단, 절연매트 사용","2인1조 작업, 감시자 배치",소방설비점검표,
담당자 서명,직접 서명,홍길동,김민수,소방설비점검표,
,,,,소방설비점검표,
✅ 체크리스트,해당 항목 누락 시 제출 불가,,,소방설비점검표,
 ,작업내용 구체적 작성,,,,소방설비점검표
 ,감전 예방 장비 사용 여부 확인,,,소방설비점검표,
 ,담당자 서명 필수,,,소방설비점검표,
💡 실무 가이드,작성 전 유의사항,,,소방설비점검표,
 ,고전압 작업 시 보호구 착용 철저,,,소방설비점검표,
 ,전원 차단 후 잔류전압 확인 필수,,,소방설비점검표,
 ,2인 1조 원칙 및 감시자 지정,,,소방설비점검표,
📎 출처,※ 산업안전보건기준에 관한 규칙 및 각종 안전가이드 기준에 따름,,,소방설비점검표,
작업명,예: 분전반 교체작업,기숙사 분전반 교체,생산동 배전함 점검,안전교육계획서,
작업일시,YYYY-MM-DD HH:MM~HH:MM,2025-05-02 09:00~12:00,2025-05-03 13:00~15:00,안전교육계획서,
작업장소,설비 위치 기재,기숙사 1층 전기실,생산동 지하 1층,안전교육계획서,
작업자,성명 기재,홍길동,김민수,안전교육계획서,
작업내용,"교체, 점검, 배선 등",노후 분전반 교체,배전함 누전 점검,안전교육계획서,
사용 장비,"테스터기, 절연장갑 등","전기테스터기, 절연장갑","절연방화복, 절연공구",안전교육계획서,
위험요인,"감전, 화재, 누전 등",전선 피복 손상으로 인한 감전,과부하로 인한 누전,안전교육계획서,
안전조치사항,"차단기 차단, 절연구 사용 등","작업 전 전원 차단, 절연매트 사용","2인1조 작업, 감시자 배치",안전교육계획서,
담당자 서명,직접 서명,홍길동,김민수,안전교육계획서,
,,,,안전교육계획서,
✅ 체크리스트,해당 항목 누락 시 제출 불가,,,안전교육계획서,
 ,작업내용 구체적 작성,,,,안전교육계획서
 ,감전 예방 장비 사용 여부 확인,,,안전교육계획서,
 ,담당자 서명 필수,,,안전교육계획서,
💡 실무 가이드,작성 전 유의사항,,,안전교육계획서,
 ,고전압 작업 시 보호구 착용 철저,,,안전교육계획서,
 ,전원 차단 후 잔류전압 확인 필수,,,안전교육계획서,
 ,2인 1조 원칙 및 감시자 지정,,,안전교육계획서,
📎 출처,※ 산업안전보건기준에 관한 규칙 및 각종 안전가이드 기준에 따름,,,안전교육계획서,
작업명,예: 분전반 교체작업,기숙사 분전반 교체,생산동 배전함 점검,안전보건관리체계구축계획서,
작업일시,YYYY-MM-DD HH:MM~HH:MM,2025-05-02 09:00~12:00,2025-05-03 13:00~15:00,안전보건관리체계구축계획서,
작업장소,설비 위치 기재,기숙사 1층 전기실,생산동 지하 1층,안전보건관리체계구축계획서,
작업자,성명 기재,홍길동,김민수,안전보건관리체계구축계획서,
작업내용,"교체, 점검, 배선 등",노후 분전반 교체,배전함 누전 점검,안전보건관리체계구축계획서,
사용 장비,"테스터기, 절연장갑 등","전기테스터기, 절연장갑","절연방화복, 절연공구",안전보건관리체계구축계획서,
위험요인,"감전, 화재, 누전 등",전선 피복 손상으로 인한 감전,과부하로 인한 누전,안전보건관리체계구축계획서,
안전조치사항,"차단기 차단, 절연구 사용 등","작업 전 전원 차단, 절연매트 사용","2인1조 작업, 감시자 배치",안전보건관리체계구축계획서,
담당자 서명,직접 서명,홍길동,김민수,안전보건관리체계구축계획서,
,,,,안전보건관리체계구축계획서,
✅ 체크리스트,해당 항목 누락 시 제출 불가,,,안전보건관리체계구축계획서,
 ,작업내용 구체적 작성,,,,안전보건관리체계구축계획서
 ,감전 예방 장비 사용 여부 확인,,,안전보건관리체계구축계획서,
 ,담당자 서명 필수,,,안전보건관리체계구축계획서,
💡 실무 가이드,작성 전 유의사항,,,안전보건관리체계구축계획서,
 ,고전압 작업 시 보호구 착용 철저,,,안전보건관리체계구축계획서,
 ,전원 차단 후 잔류전압 확인 필수,,,안전보건관리체계구축계획서,
 ,2인 1조 원칙 및 감시자 지정,,,안전보건관리체계구축계획서,
📎 출처,※ 산업안전보건기준에 관한 규칙 및 각종 안전가이드 기준에 따름,,,안전보건관리체계구축계획서,
작업명,예: 분전반 교체작업,기숙사 분전반 교체,생산동 배전함 점검,안전작업허가절차서,
작업일시,YYYY-MM-DD HH:MM~HH:MM,2025-05-02 09:00~12:00,2025-05-03 13:00~15:00,안전작업허가절차서,
작업장소,설비 위치 기재,기숙사 1층 전기실,생산동 지하 1층,안전작업허가절차서,
작업자,성명 기재,홍길동,김민수,안전작업허가절차서,
작업내용,"교체, 점검, 배선 등",노후 분전반 교체,배전함 누전 점검,안전작업허가절차서,
사용 장비,"테스터기, 절연장갑 등","전기테스터기, 절연장갑","절연방화복, 절연공구",안전작업허가절차서,
위험요인,"감전, 화재, 누전 등",전선 피복 손상으로 인한 감전,과부하로 인한 누전,안전작업허가절차서,
안전조치사항,"차단기 차단, 절연구 사용 등","작업 전 전원 차단, 절연매트 사용","2인1조 작업, 감시자 배치",안전작업허가절차서,
담당자 서명,직접 서명,홍길동,김민수,안전작업허가절차서,
,,,,안전작업허가절차서,
✅ 체크리스트,해당 항목 누락 시 제출 불가,,,안전작업허가절차서,
 ,작업내용 구체적 작성,,,,안전작업허가절차서
 ,감전 예방 장비 사용 여부 확인,,,안전작업허가절차서,
 ,담당자 서명 필수,,,안전작업허가절차서,
💡 실무 가이드,작성 전 유의사항,,,안전작업허가절차서,
 ,고전압 작업 시 보호구 착용 철저,,,안전작업허가절차서,
 ,전원 차단 후 잔류전압 확인 필수,,,안전작업허가절차서,
 ,2인 1조 원칙 및 감시자 지정,,,안전작업허가절차서,
📎 출처,※ 산업안전보건기준에 관한 규칙 및 각종 안전가이드 기준에 따름,,,안전작업허가절차서,
작업명,예: 분전반 교체작업,기숙사 분전반 교체,생산동 배전함 점검,안전작업일지,
작업일시,YYYY-MM-DD HH:MM~HH:MM,2025-05-02 09:00~12:00,2025-05-03 13:00~15:00,안전작업일지,
작업장소,설비 위치 기재,기숙사 1층 전기실,생산동 지하 1층,안전작업일지,
작업자,성명 기재,홍길동,김민수,안전작업일지,
작업내용,"교체, 점검, 배선 등",노후 분전반 교체,배전함 누전 점검,안전작업일지,
사용 장비,"테스터기, 절연장갑 등","전기테스터기, 절연장갑","절연방화복, 절연공구",안전작업일지,
위험요인,"감전, 화재, 누전 등",전선 피복 손상으로 인한 감전,과부하로 인한 누전,안전작업일지,
안전조치사항,"차단기 차단, 절연구 사용 등","작업 전 전원 차단, 절연매트 사용","2인1조 작업, 감시자 배치",안전작업일지,
담당자 서명,직접 서명,홍길동,김민수,안전작업일지,
,,,,안전작업일지,
✅ 체크리스트,해당 항목 누락 시 제출 불가,,,안전작업일지,
 ,작업내용 구체적 작성,,,,안전작업일지
 ,감전 예방 장비 사용 여부 확인,,,안전작업일지,
 ,담당자 서명 필수,,,안전작업일지,
💡 실무 가이드,작성 전 유의사항,,,안전작업일지,
 ,고전압 작업 시 보호구 착용 철저,,,안전작업일지,
 ,전원 차단 후 잔류전압 확인 필수,,,안전작업일지,
 ,2인 1조 원칙 및 감시자 지정,,,안전작업일지,
📎 출처,※ 산업안전보건기준에 관한 규칙 및 각종 안전가이드 기준에 따름,,,안전작업일지,
작업명,예: 분전반 교체작업,기숙사 분전반 교체,생산동 배전함 점검,산업안전보건위원회회의록,
작업일시,YYYY-MM-DD HH:MM~HH:MM,2025-05-02 09:00~12:00,2025-05-03 13:00~15:00,산업안전보건위원회회의록,
작업장소,설비 위치 기재,기숙사 1층 전기실,생산동 지하 1층,산업안전보건위원회회의록,
작업자,성명 기재,홍길동,김민수,산업안전보건위원회회의록,
작업내용,"교체, 점검, 배선 등",노후 분전반 교체,배전함 누전 점검,산업안전보건위원회회의록,
사용 장비,"테스터기, 절연장갑 등","전기테스터기, 절연장갑","절연방화복, 절연공구",산업안전보건위원회회의록,
위험요인,"감전, 화재, 누전 등",전선 피복 손상으로 인한 감전,과부하로 인한 누전,산업안전보건위원회회의록,
안전조치사항,"차단기 차단, 절연구 사용 등","작업 전 전원 차단, 절연매트 사용","2인1조 작업, 감시자 배치",산업안전보건위원회회의록,
담당자 서명,직접 서명,홍길동,김민수,산업안전보건위원회회의록,
,,,,산업안전보건위원회회의록,
✅ 체크리스트,해당 항목 누락 시 제출 불가,,,산업안전보건위원회회의록,
 ,작업내용 구체적 작성,,,,산업안전보건위원회회의록
 ,감전 예방 장비 사용 여부 확인,,,산업안전보건위원회회의록,
 ,담당자 서명 필수,,,산업안전보건위원회회의록,
💡 실무 가이드,작성 전 유의사항,,,산업안전보건위원회회의록,
 ,고전압 작업 시 보호구 착용 철저,,,산업안전보건위원회회의록,
 ,전원 차단 후 잔류전압 확인 필수,,,산업안전보건위원회회의록,
 ,2인 1조 원칙 및 감시자 지정,,,산업안전보건위원회회의록,
📎 출처,※ 산업안전보건기준에 관한 규칙 및 각종 안전가이드 기준에 따름,,,산업안전보건위원회회의록,
작업명,예: 분전반 교체작업,기숙사 분전반 교체,생산동 배전함 점검,산업재해예방계획서,
작업일시,YYYY-MM-DD HH:MM~HH:MM,2025-05-02 09:00~12:00,2025-05-03 13:00~15:00,산업재해예방계획서,
작업장소,설비 위치 기재,기숙사 1층 전기실,생산동 지하 1층,산업재해예방계획서,
작업자,성명 기재,홍길동,김민수,산업재해예방계획서,
작업내용,"교체, 점검, 배선 등",노후 분전반 교체,배전함 누전 점검,산업재해예방계획서,
사용 장비,"테스터기, 절연장갑 등","전기테스터기, 절연장갑","절연방화복, 절연공구",산업재해예방계획서,
위험요인,"감전, 화재, 누전 등",전선 피복 손상으로 인한 감전,과부하로 인한 누전,산업재해예방계획서,
안전조치사항,"차단기 차단, 절연구 사용 등","작업 전 전원 차단, 절연매트 사용","2인1조 작업, 감시자 배치",산업재해예방계획서,
담당자 서명,직접 서명,홍길동,김민수,산업재해예방계획서,
,,,,산업재해예방계획서,
✅ 체크리스트,해당 항목 누락 시 제출 불가,,,산업재해예방계획서,
 ,작업내용 구체적 작성,,,,산업재해예방계획서
 ,감전 예방 장비 사용 여부 확인,,,산업재해예방계획서,
 ,담당자 서명 필수,,,산업재해예방계획서,
💡 실무 가이드,작성 전 유의사항,,,산업재해예방계획서,
 ,고전압 작업 시 보호구 착용 철저,,,산업재해예방계획서,
 ,전원 차단 후 잔류전압 확인 필수,,,산업재해예방계획서,
 ,2인 1조 원칙 및 감시자 지정,,,산업재해예방계획서,
📎 출처,※ 산업안전보건기준에 관한 규칙 및 각종 안전가이드 기준에 따름,,,산업재해예방계획서,
작업명,예: 분전반 교체작업,기숙사 분전반 교체,생산동 배전함 점검,시설물유지관리계획서,
작업일시,YYYY-MM-DD HH:MM~HH:MM,2025-05-02 09:00~12:00,2025-05-03 13:00~15:00,시설물유지관리계획서,
작업장소,설비 위치 기재,기숙사 1층 전기실,생산동 지하 1층,시설물유지관리계획서,
작업자,성명 기재,홍길동,김민수,시설물유지관리계획서,
작업내용,"교체, 점검, 배선 등",노후 분전반 교체,배전함 누전 점검,시설물유지관리계획서,
사용 장비,"테스터기, 절연장갑 등","전기테스터기, 절연장갑","절연방화복, 절연공구",시설물유지관리계획서,
위험요인,"감전, 화재, 누전 등",전선 피복 손상으로 인한 감전,과부하로 인한 누전,시설물유지관리계획서,
안전조치사항,"차단기 차단, 절연구 사용 등","작업 전 전원 차단, 절연매트 사용","2인1조 작업, 감시자 배치",시설물유지관리계획서,
담당자 서명,직접 서명,홍길동,김민수,시설물유지관리계획서,
,,,,시설물유지관리계획서,
✅ 체크리스트,해당 항목 누락 시 제출 불가,,,시설물유지관리계획서,
 ,작업내용 구체적 작성,,,,시설물유지관리계획서
 ,감전 예방 장비 사용 여부 확인,,,시설물유지관리계획서,
 ,담당자 서명 필수,,,시설물유지관리계획서,
💡 실무 가이드,작성 전 유의사항,,,시설물유지관리계획서,
 ,고전압 작업 시 보호구 착용 철저,,,시설물유지관리계획서,
 ,전원 차단 후 잔류전압 확인 필수,,,시설물유지관리계획서,
 ,2인 1조 원칙 및 감시자 지정,,,시설물유지관리계획서,
📎 출처,※ 산업안전보건기준에 관한 규칙 및 각종 안전가이드 기준에 따름,,,시설물유지관리계획서,
작업명,예: 분전반 교체작업,기숙사 분전반 교체,생산동 배전함 점검,승강기정기검사계획서,
작업일시,YYYY-MM-DD HH:MM~HH:MM,2025-05-02 09:00~12:00,2025-05-03 13:00~15:00,승강기정기검사계획서,
작업장소,설비 위치 기재,기숙사 1층 전기실,생산동 지하 1층,승강기정기검사계획서,
작업자,성명 기재,홍길동,김민수,승강기정기검사계획서,
작업내용,"교체, 점검, 배선 등",노후 분전반 교체,배전함 누전 점검,승강기정기검사계획서,
사용 장비,"테스터기, 절연장갑 등","전기테스터기, 절연장갑","절연방화복, 절연공구",승강기정기검사계획서,
위험요인,"감전, 화재, 누전 등",전선 피복 손상으로 인한 감전,과부하로 인한 누전,승강기정기검사계획서,
안전조치사항,"차단기 차단, 절연구 사용 등","작업 전 전원 차단, 절연매트 사용","2인1조 작업, 감시자 배치",승강기정기검사계획서,
담당자 서명,직접 서명,홍길동,김민수,승강기정기검사계획서,
,,,,승강기정기검사계획서,
✅ 체크리스트,해당 항목 누락 시 제출 불가,,,승강기정기검사계획서,
 ,작업내용 구체적 작성,,,,승강기정기검사계획서
 ,감전 예방 장비 사용 여부 확인,,,승강기정기검사계획서,
 ,담당자 서명 필수,,,승강기정기검사계획서,
💡 실무 가이드,작성 전 유의사항,,,승강기정기검사계획서,
 ,고전압 작업 시 보호구 착용 철저,,,승강기정기검사계획서,
 ,전원 차단 후 잔류전압 확인 필수,,,승강기정기검사계획서,
 ,2인 1조 원칙 및 감시자 지정,,,승강기정기검사계획서,
📎 출처,※ 산업안전보건기준에 관한 규칙 및 각종 안전가이드 기준에 따름,,,승강기정기검사계획서,
작업명,예: 분전반 교체작업,기숙사 분전반 교체,생산동 배전함 점검,아이소가스측정계획서,
작업일시,YYYY-MM-DD HH:MM~HH:MM,2025-05-02 09:00~12:00,2025-05-03 13:00~15:00,아이소가스측정계획서,
작업장소,설비 위치 기재,기숙사 1층 전기실,생산동 지하 1층,아이소가스측정계획서,
작업자,성명 기재,홍길동,김민수,아이소가스측정계획서,
작업내용,"교체, 점검, 배선 등",노후 분전반 교체,배전함 누전 점검,아이소가스측정계획서,
사용 장비,"테스터기, 절연장갑 등","전기테스터기, 절연장갑","절연방화복, 절연공구",아이소가스측정계획서,
위험요인,"감전, 화재, 누전 등",전선 피복 손상으로 인한 감전,과부하로 인한 누전,아이소가스측정계획서,
안전조치사항,"차단기 차단, 절연구 사용 등","작업 전 전원 차단, 절연매트 사용","2인1조 작업, 감시자 배치",아이소가스측정계획서,
담당자 서명,직접 서명,홍길동,김민수,아이소가스측정계획서,
,,,,아이소가스측정계획서,
✅ 체크리스트,해당 항목 누락 시 제출 불가,,,아이소가스측정계획서,
 ,작업내용 구체적 작성,,,,아이소가스측정계획서
 ,감전 예방 장비 사용 여부 확인,,,아이소가스측정계획서,
 ,담당자 서명 필수,,,아이소가스측정계획서,
💡 실무 가이드,작성 전 유의사항,,,아이소가스측정계획서,
 ,고전압 작업 시 보호구 착용 철저,,,아이소가스측정계획서,
 ,전원 차단 후 잔류전압 확인 필수,,,아이소가스측정계획서,
 ,2인 1조 원칙 및 감시자 지정,,,아이소가스측정계획서,
📎 출처,※ 산업안전보건기준에 관한 규칙 및 각종 안전가이드 기준에 따름,,,아이소가스측정계획서,
작업명,예: 분전반 교체작업,기숙사 분전반 교체,생산동 배전함 점검,작업허가서,
작업일시,YYYY-MM-DD HH:MM~HH:MM,2025-05-02 09:00~12:00,2025-05-03 13:00~15:00,작업허가서,
작업장소,설비 위치 기재,기숙사 1층 전기실,생산동 지하 1층,작업허가서,
작업자,성명 기재,홍길동,김민수,작업허가서,
작업내용,"교체, 점검, 배선 등",노후 분전반 교체,배전함 누전 점검,작업허가서,
사용 장비,"테스터기, 절연장갑 등","전기테스터기, 절연장갑","절연방화복, 절연공구",작업허가서,
위험요인,"감전, 화재, 누전 등",전선 피복 손상으로 인한 감전,과부하로 인한 누전,작업허가서,
안전조치사항,"차단기 차단, 절연구 사용 등","작업 전 전원 차단, 절연매트 사용","2인1조 작업, 감시자 배치",작업허가서,
담당자 서명,직접 서명,홍길동,김민수,작업허가서,
,,,,작업허가서,
✅ 체크리스트,해당 항목 누락 시 제출 불가,,,작업허가서,
 ,작업내용 구체적 작성,,,,작업허가서
 ,감전 예방 장비 사용 여부 확인,,,작업허가서,
 ,담당자 서명 필수,,,작업허가서,
💡 실무 가이드,작성 전 유의사항,,,작업허가서,
 ,고전압 작업 시 보호구 착용 철저,,,작업허가서,
 ,전원 차단 후 잔류전압 확인 필수,,,작업허가서,
 ,2인 1조 원칙 및 감시자 지정,,,작업허가서,
📎 출처,※ 산업안전보건기준에 관한 규칙 및 각종 안전가이드 기준에 따름,,,작업허가서,
작업명,예: 분전반 교체작업,기숙사 분전반 교체,생산동 배전함 점검,작업환경측정계획서,
작업일시,YYYY-MM-DD HH:MM~HH:MM,2025-05-02 09:00~12:00,2025-05-03 13:00~15:00,작업환경측정계획서,
작업장소,설비 위치 기재,기숙사 1층 전기실,생산동 지하 1층,작업환경측정계획서,
작업자,성명 기재,홍길동,김민수,작업환경측정계획서,
작업내용,"교체, 점검, 배선 등",노후 분전반 교체,배전함 누전 점검,작업환경측정계획서,
사용 장비,"테스터기, 절연장갑 등","전기테스터기, 절연장갑","절연방화복, 절연공구",작업환경측정계획서,
위험요인,"감전, 화재, 누전 등",전선 피복 손상으로 인한 감전,과부하로 인한 누전,작업환경측정계획서,
안전조치사항,"차단기 차단, 절연구 사용 등","작업 전 전원 차단, 절연매트 사용","2인1조 작업, 감시자 배치",작업환경측정계획서,
담당자 서명,직접 서명,홍길동,김민수,작업환경측정계획서,
,,,,작업환경측정계획서,
✅ 체크리스트,해당 항목 누락 시 제출 불가,,,작업환경측정계획서,
 ,작업내용 구체적 작성,,,,작업환경측정계획서
 ,감전 예방 장비 사용 여부 확인,,,작업환경측정계획서,
 ,담당자 서명 필수,,,작업환경측정계획서,
💡 실무 가이드,작성 전 유의사항,,,작업환경측정계획서,
 ,고전압 작업 시 보호구 착용 철저,,,작업환경측정계획서,
 ,전원 차단 후 잔류전압 확인 필수,,,작업환경측정계획서,
 ,2인 1조 원칙 및 감시자 지정,,,작업환경측정계획서,
📎 출처,※ 산업안전보건기준에 관한 규칙 및 각종 안전가이드 기준에 따름,,,작업환경측정계획서,
작업명,예: 분전반 교체작업,기숙사 분전반 교체,생산동 배전함 점검,위험성평가매뉴얼,
작업일시,YYYY-MM-DD HH:MM~HH:MM,2025-05-02 09:00~12:00,2025-05-03 13:00~15:00,위험성평가매뉴얼,
작업장소,설비 위치 기재,기숙사 1층 전기실,생산동 지하 1층,위험성평가매뉴얼,
작업자,성명 기재,홍길동,김민수,위험성평가매뉴얼,
작업내용,"교체, 점검, 배선 등",노후 분전반 교체,배전함 누전 점검,위험성평가매뉴얼,
사용 장비,"테스터기, 절연장갑 등","전기테스터기, 절연장갑","절연방화복, 절연공구",위험성평가매뉴얼,
위험요인,"감전, 화재, 누전 등",전선 피복 손상으로 인한 감전,과부하로 인한 누전,위험성평가매뉴얼,
안전조치사항,"차단기 차단, 절연구 사용 등","작업 전 전원 차단, 절연매트 사용","2인1조 작업, 감시자 배치",위험성평가매뉴얼,
담당자 서명,직접 서명,홍길동,김민수,위험성평가매뉴얼,
,,,,위험성평가매뉴얼,
✅ 체크리스트,해당 항목 누락 시 제출 불가,,,위험성평가매뉴얼,
 ,작업내용 구체적 작성,,,,위험성평가매뉴얼
 ,감전 예방 장비 사용 여부 확인,,,위험성평가매뉴얼,
 ,담당자 서명 필수,,,위험성평가매뉴얼,
💡 실무 가이드,작성 전 유의사항,,,위험성평가매뉴얼,
 ,고전압 작업 시 보호구 착용 철저,,,위험성평가매뉴얼,
 ,전원 차단 후 잔류전압 확인 필수,,,위험성평가매뉴얼,
 ,2인 1조 원칙 및 감시자 지정,,,위험성평가매뉴얼,
📎 출처,※ 산업안전보건기준에 관한 규칙 및 각종 안전가이드 기준에 따름,,,위험성평가매뉴얼,
작업명,예: 분전반 교체작업,기숙사 분전반 교체,생산동 배전함 점검,위험성평가보고서,
작업일시,YYYY-MM-DD HH:MM~HH:MM,2025-05-02 09:00~12:00,2025-05-03 13:00~15:00,위험성평가보고서,
작업장소,설비 위치 기재,기숙사 1층 전기실,생산동 지하 1층,위험성평가보고서,
작업자,성명 기재,홍길동,김민수,위험성평가보고서,
작업내용,"교체, 점검, 배선 등",노후 분전반 교체,배전함 누전 점검,위험성평가보고서,
사용 장비,"테스터기, 절연장갑 등","전기테스터기, 절연장갑","절연방화복, 절연공구",위험성평가보고서,
위험요인,"감전, 화재, 누전 등",전선 피복 손상으로 인한 감전,과부하로 인한 누전,위험성평가보고서,
안전조치사항,"차단기 차단, 절연구 사용 등","작업 전 전원 차단, 절연매트 사용","2인1조 작업, 감시자 배치",위험성평가보고서,
담당자 서명,직접 서명,홍길동,김민수,위험성평가보고서,
,,,,위험성평가보고서,
✅ 체크리스트,해당 항목 누락 시 제출 불가,,,위험성평가보고서,
 ,작업내용 구체적 작성,,,,위험성평가보고서
 ,감전 예방 장비 사용 여부 확인,,,위험성평가보고서,
 ,담당자 서명 필수,,,위험성평가보고서,
💡 실무 가이드,작성 전 유의사항,,,위험성평가보고서,
 ,고전압 작업 시 보호구 착용 철저,,,위험성평가보고서,
 ,전원 차단 후 잔류전압 확인 필수,,,위험성평가보고서,
 ,2인 1조 원칙 및 감시자 지정,,,위험성평가보고서,
📎 출처,※ 산업안전보건기준에 관한 규칙 및 각종 안전가이드 기준에 따름,,,위험성평가보고서,
작업명,예: 분전반 교체작업,기숙사 분전반 교체,생산동 배전함 점검,위험위해방지계획서,
작업일시,YYYY-MM-DD HH:MM~HH:MM,2025-05-02 09:00~12:00,2025-05-03 13:00~15:00,위험위해방지계획서,
작업장소,설비 위치 기재,기숙사 1층 전기실,생산동 지하 1층,위험위해방지계획서,
작업자,성명 기재,홍길동,김민수,위험위해방지계획서,
작업내용,"교체, 점검, 배선 등",노후 분전반 교체,배전함 누전 점검,위험위해방지계획서,
사용 장비,"테스터기, 절연장갑 등","전기테스터기, 절연장갑","절연방화복, 절연공구",위험위해방지계획서,
위험요인,"감전, 화재, 누전 등",전선 피복 손상으로 인한 감전,과부하로 인한 누전,위험위해방지계획서,
안전조치사항,"차단기 차단, 절연구 사용 등","작업 전 전원 차단, 절연매트 사용","2인1조 작업, 감시자 배치",위험위해방지계획서,
담당자 서명,직접 서명,홍길동,김민수,위험위해방지계획서,
,,,,위험위해방지계획서,
✅ 체크리스트,해당 항목 누락 시 제출 불가,,,위험위해방지계획서,
 ,작업내용 구체적 작성,,,,위험위해방지계획서
 ,감전 예방 장비 사용 여부 확인,,,위험위해방지계획서,
 ,담당자 서명 필수,,,위험위해방지계획서,
💡 실무 가이드,작성 전 유의사항,,,위험위해방지계획서,
 ,고전압 작업 시 보호구 착용 철저,,,위험위해방지계획서,
 ,전원 차단 후 잔류전압 확인 필수,,,위험위해방지계획서,
 ,2인 1조 원칙 및 감시자 지정,,,위험위해방지계획서,
📎 출처,※ 산업안전보건기준에 관한 규칙 및 각종 안전가이드 기준에 따름,,,위험위해방지계획서,
작업명,예: 분전반 교체작업,기숙사 분전반 교체,생산동 배전함 점검,응급처치훈련기록표,
작업일시,YYYY-MM-DD HH:MM~HH:MM,2025-05-02 09:00~12:00,2025-05-03 13:00~15:00,응급처치훈련기록표,
작업장소,설비 위치 기재,기숙사 1층 전기실,생산동 지하 1층,응급처치훈련기록표,
작업자,성명 기재,홍길동,김민수,응급처치훈련기록표,
작업내용,"교체, 점검, 배선 등",노후 분전반 교체,배전함 누전 점검,응급처치훈련기록표,
사용 장비,"테스터기, 절연장갑 등","전기테스터기, 절연장갑","절연방화복, 절연공구",응급처치훈련기록표,
위험요인,"감전, 화재, 누전 등",전선 피복 손상으로 인한 감전,과부하로 인한 누전,응급처치훈련기록표,
안전조치사항,"차단기 차단, 절연구 사용 등","작업 전 전원 차단, 절연매트 사용","2인1조 작업, 감시자 배치",응급처치훈련기록표,
담당자 서명,직접 서명,홍길동,김민수,응급처치훈련기록표,
,,,,응급처치훈련기록표,
✅ 체크리스트,해당 항목 누락 시 제출 불가,,,응급처치훈련기록표,
 ,작업내용 구체적 작성,,,,응급처치훈련기록표
 ,감전 예방 장비 사용 여부 확인,,,응급처치훈련기록표,
 ,담당자 서명 필수,,,응급처치훈련기록표,
💡 실무 가이드,작성 전 유의사항,,,응급처치훈련기록표,
 ,고전압 작업 시 보호구 착용 철저,,,응급처치훈련기록표,
 ,전원 차단 후 잔류전압 확인 필수,,,응급처치훈련기록표,
 ,2인 1조 원칙 및 감시자 지정,,,응급처치훈련기록표,
📎 출처,※ 산업안전보건기준에 관한 규칙 및 각종 안전가이드 기준에 따름,,,응급처치훈련기록표,
작업명,예: 분전반 교체작업,기숙사 분전반 교체,생산동 배전함 점검,장비검사기록표,
작업일시,YYYY-MM-DD HH:MM~HH:MM,2025-05-02 09:00~12:00,2025-05-03 13:00~15:00,장비검사기록표,
작업장소,설비 위치 기재,기숙사 1층 전기실,생산동 지하 1층,장비검사기록표,
작업자,성명 기재,홍길동,김민수,장비검사기록표,
작업내용,"교체, 점검, 배선 등",노후 분전반 교체,배전함 누전 점검,장비검사기록표,
사용 장비,"테스터기, 절연장갑 등","전기테스터기, 절연장갑","절연방화복, 절연공구",장비검사기록표,
위험요인,"감전, 화재, 누전 등",전선 피복 손상으로 인한 감전,과부하로 인한 누전,장비검사기록표,
안전조치사항,"차단기 차단, 절연구 사용 등","작업 전 전원 차단, 절연매트 사용","2인1조 작업, 감시자 배치",장비검사기록표,
담당자 서명,직접 서명,홍길동,김민수,장비검사기록표,
,,,,장비검사기록표,
✅ 체크리스트,해당 항목 누락 시 제출 불가,,,장비검사기록표,
 ,작업내용 구체적 작성,,,,장비검사기록표
 ,감전 예방 장비 사용 여부 확인,,,장비검사기록표,
 ,담당자 서명 필수,,,장비검사기록표,
💡 실무 가이드,작성 전 유의사항,,,장비검사기록표,
 ,고전압 작업 시 보호구 착용 철저,,,장비검사기록표,
 ,전원 차단 후 잔류전압 확인 필수,,,장비검사기록표,
 ,2인 1조 원칙 및 감시자 지정,,,장비검사기록표,
📎 출처,※ 산업안전보건기준에 관한 규칙 및 각종 안전가이드 기준에 따름,,,장비검사기록표,
작업명,예: 분전반 교체작업,기숙사 분전반 교체,생산동 배전함 점검,점검표작성가이드라인,
작업일시,YYYY-MM-DD HH:MM~HH:MM,2025-05-02 09:00~12:00,2025-05-03 13:00~15:00,점검표작성가이드라인,
작업장소,설비 위치 기재,기숙사 1층 전기실,생산동 지하 1층,점검표작성가이드라인,
작업자,성명 기재,홍길동,김민수,점검표작성가이드라인,
작업내용,"교체, 점검, 배선 등",노후 분전반 교체,배전함 누전 점검,점검표작성가이드라인,
사용 장비,"테스터기, 절연장갑 등","전기테스터기, 절연장갑","절연방화복, 절연공구",점검표작성가이드라인,
위험요인,"감전, 화재, 누전 등",전선 피복 손상으로 인한 감전,과부하로 인한 누전,점검표작성가이드라인,
안전조치사항,"차단기 차단, 절연구 사용 등","작업 전 전원 차단, 절연매트 사용","2인1조 작업, 감시자 배치",점검표작성가이드라인,
담당자 서명,직접 서명,홍길동,김민수,점검표작성가이드라인,
,,,,점검표작성가이드라인,
✅ 체크리스트,해당 항목 누락 시 제출 불가,,,점검표작성가이드라인,
 ,작업내용 구체적 작성,,,,점검표작성가이드라인
 ,감전 예방 장비 사용 여부 확인,,,점검표작성가이드라인,
 ,담당자 서명 필수,,,점검표작성가이드라인,
💡 실무 가이드,작성 전 유의사항,,,점검표작성가이드라인,
 ,고전압 작업 시 보호구 착용 철저,,,점검표작성가이드라인,
 ,전원 차단 후 잔류전압 확인 필수,,,점검표작성가이드라인,
 ,2인 1조 원칙 및 감시자 지정,,,점검표작성가이드라인,
📎 출처,※ 산업안전보건기준에 관한 규칙 및 각종 안전가이드 기준에 따름,,,점검표작성가이드라인,
작업명,예: 분전반 교체작업,기숙사 분전반 교체,생산동 배전함 점검,중대사고조사보고서,
작업일시,YYYY-MM-DD HH:MM~HH:MM,2025-05-02 09:00~12:00,2025-05-03 13:00~15:00,중대사고조사보고서,
작업장소,설비 위치 기재,기숙사 1층 전기실,생산동 지하 1층,중대사고조사보고서,
작업자,성명 기재,홍길동,김민수,중대사고조사보고서,
작업내용,"교체, 점검, 배선 등",노후 분전반 교체,배전함 누전 점검,중대사고조사보고서,
사용 장비,"테스터기, 절연장갑 등","전기테스터기, 절연장갑","절연방화복, 절연공구",중대사고조사보고서,
위험요인,"감전, 화재, 누전 등",전선 피복 손상으로 인한 감전,과부하로 인한 누전,중대사고조사보고서,
안전조치사항,"차단기 차단, 절연구 사용 등","작업 전 전원 차단, 절연매트 사용","2인1조 작업, 감시자 배치",중대사고조사보고서,
담당자 서명,직접 서명,홍길동,김민수,중대사고조사보고서,
,,,,중대사고조사보고서,
✅ 체크리스트,해당 항목 누락 시 제출 불가,,,중대사고조사보고서,
 ,작업내용 구체적 작성,,,,중대사고조사보고서
 ,감전 예방 장비 사용 여부 확인,,,중대사고조사보고서,
 ,담당자 서명 필수,,,중대사고조사보고서,
💡 실무 가이드,작성 전 유의사항,,,중대사고조사보고서,
 ,고전압 작업 시 보호구 착용 철저,,,중대사고조사보고서,
 ,전원 차단 후 잔류전압 확인 필수,,,중대사고조사보고서,
 ,2인 1조 원칙 및 감시자 지정,,,중대사고조사보고서,
📎 출처,※ 산업안전보건기준에 관한 규칙 및 각종 안전가이드 기준에 따름,,,중대사고조사보고서,
작업명,예: 분전반 교체작업,기숙사 분전반 교체,생산동 배전함 점검,출입통제관리대장,
작업일시,YYYY-MM-DD HH:MM~HH:MM,2025-05-02 09:00~12:00,2025-05-03 13:00~15:00,출입통제관리대장,
작업장소,설비 위치 기재,기숙사 1층 전기실,생산동 지하 1층,출입통제관리대장,
작업자,성명 기재,홍길동,김민수,출입통제관리대장,
작업내용,"교체, 점검, 배선 등",노후 분전반 교체,배전함 누전 점검,출입통제관리대장,
사용 장비,"테스터기, 절연장갑 등","전기테스터기, 절연장갑","절연방화복, 절연공구",출입통제관리대장,
위험요인,"감전, 화재, 누전 등",전선 피복 손상으로 인한 감전,과부하로 인한 누전,출입통제관리대장,
안전조치사항,"차단기 차단, 절연구 사용 등","작업 전 전원 차단, 절연매트 사용","2인1조 작업, 감시자 배치",출입통제관리대장,
담당자 서명,직접 서명,홍길동,김민수,출입통제관리대장,
,,,,출입통제관리대장,
✅ 체크리스트,해당 항목 누락 시 제출 불가,,,출입통제관리대장,
 ,작업내용 구체적 작성,,,,출입통제관리대장
 ,감전 예방 장비 사용 여부 확인,,,출입통제관리대장,
 ,담당자 서명 필수,,,출입통제관리대장,
💡 실무 가이드,작성 전 유의사항,,,출입통제관리대장,
 ,고전압 작업 시 보호구 착용 철저,,,출입통제관리대장,
 ,전원 차단 후 잔류전압 확인 필수,,,출입통제관리대장,
 ,2인 1조 원칙 및 감시자 지정,,,출입통제관리대장,
📎 출처,※ 산업안전보건기준에 관한 규칙 및 각종 안전가이드 기준에 따름,,,출입통제관리대장,
작업명,예: 분전반 교체작업,기숙사 분전반 교체,생산동 배전함 점검,품질안전보증계획서,
작업일시,YYYY-MM-DD HH:MM~HH:MM,2025-05-02 09:00~12:00,2025-05-03 13:00~15:00,품질안전보증계획서,
작업장소,설비 위치 기재,기숙사 1층 전기실,생산동 지하 1층,품질안전보증계획서,
작업자,성명 기재,홍길동,김민수,품질안전보증계획서,
작업내용,"교체, 점검, 배선 등",노후 분전반 교체,배전함 누전 점검,품질안전보증계획서,
사용 장비,"테스터기, 절연장갑 등","전기테스터기, 절연장갑","절연방화복, 절연공구",품질안전보증계획서,
위험요인,"감전, 화재, 누전 등",전선 피복 손상으로 인한 감전,과부하로 인한 누전,품질안전보증계획서,
안전조치사항,"차단기 차단, 절연구 사용 등","작업 전 전원 차단, 절연매트 사용","2인1조 작업, 감시자 배치",품질안전보증계획서,
담당자 서명,직접 서명,홍길동,김민수,품질안전보증계획서,
,,,,품질안전보증계획서,
✅ 체크리스트,해당 항목 누락 시 제출 불가,,,품질안전보증계획서,
 ,작업내용 구체적 작성,,,,품질안전보증계획서
 ,감전 예방 장비 사용 여부 확인,,,품질안전보증계획서,
 ,담당자 서명 필수,,,품질안전보증계획서,
💡 실무 가이드,작성 전 유의사항,,,품질안전보증계획서,
 ,고전압 작업 시 보호구 착용 철저,,,품질안전보증계획서,
 ,전원 차단 후 잔류전압 확인 필수,,,품질안전보증계획서,
 ,2인 1조 원칙 및 감시자 지정,,,품질안전보증계획서,
📎 출처,※ 산업안전보건기준에 관한 규칙 및 각종 안전가이드 기준에 따름,,,품질안전보증계획서,
작업명,예: 분전반 교체작업,기숙사 분전반 교체,생산동 배전함 점검,환경영향평가계획서,
작업일시,YYYY-MM-DD HH:MM~HH:MM,2025-05-02 09:00~12:00,2025-05-03 13:00~15:00,환경영향평가계획서,
작업장소,설비 위치 기재,기숙사 1층 전기실,생산동 지하 1층,환경영향평가계획서,
작업자,성명 기재,홍길동,김민수,환경영향평가계획서,
작업내용,"교체, 점검, 배선 등",노후 분전반 교체,배전함 누전 점검,환경영향평가계획서,
사용 장비,"테스터기, 절연장갑 등","전기테스터기, 절연장갑","절연방화복, 절연공구",환경영향평가계획서,
위험요인,"감전, 화재, 누전 등",전선 피복 손상으로 인한 감전,과부하로 인한 누전,환경영향평가계획서,
안전조치사항,"차단기 차단, 절연구 사용 등","작업 전 전원 차단, 절연매트 사용","2인1조 작업, 감시자 배치",환경영향평가계획서,
담당자 서명,직접 서명,홍길동,김민수,환경영향평가계획서,
,,,,환경영향평가계획서,
✅ 체크리스트,해당 항목 누락 시 제출 불가,,,환경영향평가계획서,
 ,작업내용 구체적 작성,,,,환경영향평가계획서
 ,감전 예방 장비 사용 여부 확인,,,환경영향평가계획서,
 ,담당자 서명 필수,,,환경영향평가계획서,
💡 실무 가이드,작성 전 유의사항,,,환경영향평가계획서,
 ,고전압 작업 시 보호구 착용 철저,,,환경영향평가계획서,
 ,전원 차단 후 잔류전압 확인 필수,,,환경영향평가계획서,
 ,2인 1조 원칙 및 감시자 지정,,,환경영향평가계획서,
📎 출처,※ 산업안전보건기준에 관한 규칙 및 각종 안전가이드 기준에 따름,,,환경영향평가계획서,
작업명,예: 분전반 교체작업,기숙사 분전반 교체,생산동 배전함 점검,현장안전점검표,
작업일시,YYYY-MM-DD HH:MM~HH:MM,2025-05-02 09:00~12:00,2025-05-03 13:00~15:00,현장안전점검표,
작업장소,설비 위치 기재,기숙사 1층 전기실,생산동 지하 1층,현장안전점검표,
작업자,성명 기재,홍길동,김민수,현장안전점검표,
작업내용,"교체, 점검, 배선 등",노후 분전반 교체,배전함 누전 점검,현장안전점검표,
사용 장비,"테스터기, 절연장갑 등","전기테스터기, 절연장갑","절연방화복, 절연공구",현장안전점검표,
위험요인,"감전, 화재, 누전 등",전선 피복 손상으로 인한 감전,과부하로 인한 누전,현장안전점검표,
안전조치사항,"차단기 차단, 절연구 사용 등","작업 전 전원 차단, 절연매트 사용","2인1조 작업, 감시자 배치",현장안전점검표,
담당자 서명,직접 서명,홍길동,김민수,현장안전점검표,
,,,,현장안전점검표,
✅ 체크리스트,해당 항목 누락 시 제출 불가,,,현장안전점검표,
 ,작업내용 구체적 작성,,,,현장안전점검표
 ,감전 예방 장비 사용 여부 확인,,,현장안전점검표,
 ,담당자 서명 필수,,,현장안전점검표,
💡 실무 가이드,작성 전 유의사항,,,현장안전점검표,
 ,고전압 작업 시 보호구 착용 철저,,,현장안전점검표,
 ,전원 차단 후 잔류전압 확인 필수,,,현장안전점검표,
 ,2인 1조 원칙 및 감시자 지정,,,현장안전점검표,
📎 출처,※ 산업안전보건기준에 관한 규칙 및 각종 안전가이드 기준에 따름,,,현장안전점검표,
작업명,예: 분전반 교체작업,기숙사 분전반 교체,생산동 배전함 점검,회전기계점검계획서,
작업일시,YYYY-MM-DD HH:MM~HH:MM,2025-05-02 09:00~12:00,2025-05-03 13:00~15:00,회전기계점검계획서,
작업장소,설비 위치 기재,기숙사 1층 전기실,생산동 지하 1층,회전기계점검계획서,
작업자,성명 기재,홍길동,김민수,회전기계점검계획서,
작업내용,"교체, 점검, 배선 등",노후 분전반 교체,배전함 누전 점검,회전기계점검계획서,
사용 장비,"테스터기, 절연장갑 등","전기테스터기, 절연장갑","절연방화복, 절연공구",회전기계점검계획서,
위험요인,"감전, 화재, 누전 등",전선 피복 손상으로 인한 감전,과부하로 인한 누전,회전기계점검계획서,
안전조치사항,"차단기 차단, 절연구 사용 등","작업 전 전원 차단, 절연매트 사용","2인1조 작업, 감시자 배치",회전기계점검계획서,
담당자 서명,직접 서명,홍길동,김민수,회전기계점검계획서,
,,,,회전기계점검계획서,
✅ 체크리스트,해당 항목 누락 시 제출 불가,,,회전기계점검계획서,
 ,작업내용 구체적 작성,,,,회전기계점검계획서
 ,감전 예방 장비 사용 여부 확인,,,회전기계점검계획서,
 ,담당자 서명 필수,,,회전기계점검계획서,
💡 실무 가이드,작성 전 유의사항,,,회전기계점검계획서,
 ,고전압 작업 시 보호구 착용 철저,,,회전기계점검계획서,
 ,전원 차단 후 잔류전압 확인 필수,,,회전기계점검계획서,
 ,2인 1조 원칙 및 감시자 지정,,,회전기계점검계획서,
📎 출처,※ 산업안전보건기준에 관한 규칙 및 각종 안전가이드 기준에 따름,,,회전기계점검계획서,
작업명,예: 분전반 교체작업,기숙사 분전반 교체,생산동 배전함 점검,회의록서식(안전보건),
작업일시,YYYY-MM-DD HH:MM~HH:MM,2025-05-02 09:00~12:00,2025-05-03 13:00~15:00,회의록서식(안전보건),
작업장소,설비 위치 기재,기숙사 1층 전기실,생산동 지하 1층,회의록서식(안전보건),
작업자,성명 기재,홍길동,김민수,회의록서식(안전보건),
작업내용,"교체, 점검, 배선 등",노후 분전반 교체,배전함 누전 점검,회의록서식(안전보건),
사용 장비,"테스터기, 절연장갑 등","전기테스터기, 절연장갑","절연방화복, 절연공구",회의록서식(안전보건),
위험요인,"감전, 화재, 누전 등",전선 피복 손상으로 인한 감전,과부하로 인한 누전,회의록서식(안전보건),
안전조치사항,"차단기 차단, 절연구 사용 등","작업 전 전원 차단, 절연매트 사용","2인1조 작업, 감시자 배치",회의록서식(안전보건),
담당자 서명,직접 서명,홍길동,김민수,회의록서식(안전보건),
,,,,회의록서식(안전보건),
✅ 체크리스트,해당 항목 누락 시 제출 불가,,,회의록서식(안전보건),
 ,작업내용 구체적 작성,,,,회의록서식(안전보건)
 ,감전 예방 장비 사용 여부 확인,,,회의록서식(안전보건),
 ,담당자 서명 필수,,,회의록서식(안전보건),
💡 실무 가이드,작성 전 유의사항,,,회의록서식(안전보건),
 ,고전압 작업 시 보호구 착용 철저,,,회의록서식(안전보건),
 ,전원 차단 후 잔류전압 확인 필수,,,회의록서식(안전보건),
 ,2인 1조 원칙 및 감시자 지정,,,회의록서식(안전보건),
📎 출처,※ 산업안전보건기준에 관한 규칙 및 각종 안전가이드 기준에 따름,,,회의록서식(안전보건),
작업명,예: 분전반 교체작업,기숙사 분전반 교체,생산동 배전함 점검,화학물질관리계획서,
작업일시,YYYY-MM-DD HH:MM~HH:MM,2025-05-02 09:00~12:00,2025-05-03 13:00~15:00,화학물질관리계획서,
작업장소,설비 위치 기재,기숙사 1층 전기실,생산동 지하 1층,화학물질관리계획서,
작업자,성명 기재,홍길동,김민수,화학물질관리계획서,
작업내용,"교체, 점검, 배선 등",노후 분전반 교체,배전함 누전 점검,화학물질관리계획서,
사용 장비,"테스터기, 절연장갑 등","전기테스터기, 절연장갑","절연방화복, 절연공구",화학물질관리계획서,
위험요인,"감전, 화재, 누전 등",전선 피복 손상으로 인한 감전,과부하로 인한 누전,화학물질관리계획서,
안전조치사항,"차단기 차단, 절연구 사용 등","작업 전 전원 차단, 절연매트 사용","2인1조 작업, 감시자 배치",화학물질관리계획서,
담당자 서명,직접 서명,홍길동,김민수,화학물질관리계획서,
,,,,화학물질관리계획서,
✅ 체크리스트,해당 항목 누락 시 제출 불가,,,화학물질관리계획서,
 ,작업내용 구체적 작성,,,,화학물질관리계획서
 ,감전 예방 장비 사용 여부 확인,,,화학물질관리계획서,
 ,담당자 서명 필수,,,화학물질관리계획서,
💡 실무 가이드,작성 전 유의사항,,,화학물질관리계획서,
 ,고전압 작업 시 보호구 착용 철저,,,화학물질관리계획서,
 ,전원 차단 후 잔류전압 확인 필수,,,화학물질관리계획서,
 ,2인 1조 원칙 및 감시자 지정,,,화학물질관리계획서,
📎 출처,※ 산업안전보건기준에 관한 규칙 및 각종 안전가이드 기준에 따름,,,화학물질관리계획서,
